{"cameraMode":{"drawMode":0,"name":"Shaded","section":"Shading Mode"},"sceneLighting":true,"audioPlay":false,"sceneViewState":{"showFog":true,"showMaterialUpdate":false,"showSkybox":true,"showFlares":true,"showImageEffects":true,"showParticleSystems":true},"in2DMode":false,"pivot":{"x":-0.7545584440231323,"y":-0.476107120513916,"z":-6.203876972198486},"rotation":{"x":-0.02364988438785076,"y":0.9663393497467041,"z":-0.23740622401237489,"w":-0.09626651555299759},"size":9.195150375366211,"orthographic":false}